model,MAE,RMSE,R2,training_time_seconds
Linear Regression,2.3647997042700672,2.961059526775032,0.9989833271942062,0.0069866180419921875
Ridge Regression,2.3657418549583955,2.9620023904802166,0.9989826796310642,0.006176948547363281
Gradient Boosting,2.4209427445505898,3.025802946130417,0.9989383821465684,0.3347783088684082
Random Forest,2.7214685465503288,3.411255317269631,0.9986506786815827,0.43442654609680176
MLP Regressor,3.032489144753868,4.0460479665988,0.9981017693350204,0.47537803649902344
Dummy Regressor,80.34163207897025,92.86599474876357,-8.311008137251719e-07,0.008294105529785156
