model,MAE,RMSE,R2,training_time_seconds
Linear Regression,2.3647997042700672,2.961059526775032,0.9989833271942062,0.006857633590698242
Ridge Regression,2.3657418549583955,2.9620023904802166,0.9989826796310642,0.008855342864990234
Gradient Boosting,2.4209427445505898,3.025802946130417,0.9989383821465684,0.33418893814086914
Random Forest,2.721468546550329,3.4112553172696316,0.9986506786815827,0.4326004981994629
MLP Regressor,3.032489144753868,4.0460479665988,0.9981017693350204,0.4559311866760254
Dummy Regressor,80.34163207897025,92.86599474876357,-8.311008137251719e-07,0.008920907974243164
