task,model,MAE,RMSE,R2,training_time_seconds
Estimation du ROI,MLP Regressor,0.04651352583057151,0.0672035905220517,0.9411666218421809,0.882972240447998
Estimation du ROI,Gradient Boosting,0.047752768799887456,0.06944431942222777,0.9371779239743806,0.3336219787597656
Estimation du ROI,Random Forest,0.047834994119443044,0.07289597382935986,0.9307777173615189,0.5175135135650635
Estimation du ROI,Ridge Regression,0.10307169851977946,0.14929174723043723,0.7096576192672677,0.007428646087646484
Estimation du ROI,Linear Regression,0.103166231303976,0.14930663508916797,0.709599708606313,0.006394624710083008
Estimation du ROI,Dummy Regressor,0.20383880438567328,0.277114561057603,-0.00036278044792337205,0.008102893829345703
