feature,importance_mean,importance_std
tv,0.5481047524341927,0.011000878162944525
radio,0.5146388021213323,0.009887997918257853
social_media,0.09078088306954694,0.0034448723621894987
influencer,-0.0004457080283985858,0.0008019934191385986
