model,CV_R2_mean,CV_R2_std,CV_RMSE_mean,CV_MAE_mean
MLP Regressor,0.9254304417170406,0.010422796060107434,0.07685252542571669,0.05156929593130697
Gradient Boosting,0.9191208558242758,0.0075907223799806574,0.08010969297281238,0.053691932366259895
Random Forest,0.918719668451373,0.005118746800098515,0.08033932547059533,0.053280969714365425
Linear Regression,0.7069869488462519,0.02808793884882348,0.15256909768807214,0.10475557828901128
Ridge Regression,0.706978856579882,0.02795623626574078,0.15257249268234213,0.10464496585264578
Dummy Regressor,-0.006559210239149849,0.006123896858896398,0.28300452472117776,0.20467457180163023
